{
  "name": "angular-cookies",
  "version": "1.5.5",
  "license": "MIT",
  "main": "./angular-cookies.js",
  "ignore": [],
  "dependencies": {
    "angular": "1.5.5"
  },
  "homepage": "https://github.com/angular/bower-angular-cookies",
  "_release": "1.5.5",
  "_resolution": {
    "type": "version",
    "tag": "v1.5.5",
    "commit": "657881516515f6197a240fc3cbfcd8ff912c8ed0"
  },
  "_source": "https://github.com/angular/bower-angular-cookies.git",
  "_target": "^1.5.5",
  "_originalSource": "angular-cookies",
  "_direct": true
}