{
  "name": "angular-route",
  "version": "1.4.10",
  "license": "MIT",
  "main": "./angular-route.js",
  "ignore": [],
  "dependencies": {
    "angular": "1.4.10"
  },
  "homepage": "https://github.com/angular/bower-angular-route",
  "_release": "1.4.10",
  "_resolution": {
    "type": "version",
    "tag": "v1.4.10",
    "commit": "e47171deb69f1627ce8ab8cea3cf4ee79bf559d0"
  },
  "_source": "https://github.com/angular/bower-angular-route.git",
  "_target": "~1.4.0",
  "_originalSource": "angular-route"
}