{
  "name": "angular-mocks",
  "version": "1.4.10",
  "license": "MIT",
  "main": "./angular-mocks.js",
  "ignore": [],
  "dependencies": {
    "angular": "1.4.10"
  },
  "homepage": "https://github.com/angular/bower-angular-mocks",
  "_release": "1.4.10",
  "_resolution": {
    "type": "version",
    "tag": "v1.4.10",
    "commit": "f5bcaf2b32c76f778704b7e92f31d661c24f3364"
  },
  "_source": "https://github.com/angular/bower-angular-mocks.git",
  "_target": "~1.4.0",
  "_originalSource": "angular-mocks"
}